stress,resilience,social_support,mood
0.33973713224089863,0.6917041419297288,0.5647688538100692,0.0
0.2812677300221331,0.6859517825830491,0.6579212815507391,0.0
0.2624420491252038,0.7325536026151578,0.4536582307187538,0.0
0.3193569817252827,0.5852031853205321,0.3275082167486967,0.0
0.21897351037324608,0.7188548399557164,0.4091975924478789,0.0
0.4192519015137243,0.6854534219708078,0.5483351586323442,0.0
0.2584493820379854,0.7056553553825919,0.42648298042132154,0.0
0.25394890480649557,0.6814983750124034,0.48141167694061215,0.0
0.3009202220209653,0.635537344262646,0.6238368293738707,0.0
0.3187090876003804,0.5814197925672134,0.40876373327370874,0.0
0.3630773263996328,0.7082820968713982,0.5697825003763359,0.0
0.18571824077060578,0.6548093474963175,0.5352834515191813,0.0
0.3314894631654769,0.5922175906782359,0.6137557255546395,0.0
0.2498462399755233,0.734700577330452,0.6844472808647551,0.0
0.2368625981421889,0.6794472574489271,0.6144736717555164,0.0
0.2676660609723768,0.6858604614001709,0.5069235530578918,0.0
0.37100206579153583,0.7783744017142493,0.6103560383004613,0.0
0.3349308820038107,0.6582928147236925,0.6536966110093361,0.0
0.3031339168712039,0.7908786193488403,0.35558254004952017,0.0
0.3129637654590537,0.679059558972048,0.6267331281120448,0.0
0.29042624897299907,0.7174267542907047,0.7964183695696305,0.0
0.24332051176854497,0.6658945773849277,0.7401691768656863,0.0
0.2656191836986369,0.7267960459868014,0.6583367200302829,0.0
0.2518357524898118,0.6763402712041339,0.609418149782263,0.0
0.33168962216516606,0.7116633163307933,0.6491403107597249,0.0
0.19677034063596685,0.6697612806340784,0.6389336291042107,0.0
0.29709714306671925,0.7192430514088722,0.8618236708779408,0.0
0.3306040312578211,0.6905332450540299,0.4813279592269835,0.0
0.3148184167952821,0.8427945267491171,0.6539689842787755,0.0
0.30722305842358055,0.624879317742828,0.7874873622083898,0.0
0.37528255576344377,0.6394367527123156,0.8304907343526406,0.0
0.3589485675040216,0.8254273375485986,0.5911576707459618,0.0
0.3199721092070113,0.663791460753028,0.5351449601524174,0.0
0.2270157029019116,0.7224155458381109,0.5982688798356504,0.0
0.24933973661310105,0.6746763090276594,0.7715630249959977,0.0
0.33219679476833036,0.7714285652569456,0.5381560556175319,0.0
0.3347906235398739,0.7399093723066386,0.5752093079858465,0.0
0.35575532524935183,0.7108190803939911,0.7239536641082424,0.0
0.25959802227372075,0.7069352218296602,0.7282116264035228,0.0
0.46326196089158056,0.7214299752547072,0.5797740293533897,0.0
0.23802546638181427,0.739225076224547,0.8147639369743951,0.0
0.39307009033954576,0.7167668556161898,0.7811103950731036,0.0
0.2963689507197704,0.6467758301385506,0.6099529361111024,0.0
0.3098318632468717,0.7124691184889986,0.7265734590066566,0.0
0.31704015135023256,0.7792120446294389,0.672438695749859,0.0
0.3680533878212005,0.639570546615023,0.5831220534529195,0.0
0.30012297717393194,0.7338400296455254,0.7375350657163852,0.0
0.2502565025545276,0.600109166518848,0.6455598080523286,0.0
0.3351274995304163,0.6162556732772807,0.7075293958441489,0.0
0.24729140510390935,0.7002235063567316,0.6960321751036307,0.0
0.3486229888278627,0.723647071582094,0.7815102050744155,0.0
0.2097864505634327,0.6337304976050926,0.7247086074777538,0.0
0.36120381490448383,0.9211638894392832,0.7302941318262045,0.0
0.3963201410794562,0.7290834750783478,0.6416781562928532,0.0
0.2581739828369943,0.6757908835955995,0.6246687259739774,0.0
0.5071726853338807,0.5769640884444951,0.7172549841329302,0.0
0.2842454507368453,0.7543370358180419,0.6550569670050251,0.0
0.2647757032592025,0.7297758649360805,0.5755923019237652,0.0
0.3256457471923051,0.649903979143651,0.8630233740280114,0.0
0.15998859306739144,0.7001872588861656,0.58245031861864,0.0
0.260598340925384,0.681115813511986,0.6680557783565404,0.0
0.2279762874355379,0.667929925849543,0.570062519342399,0.0
0.46523633922248775,0.7122989026576573,0.4914686550249901,0.0
0.4937724957610107,0.7499479156330687,0.46562005386309324,0.0
0.4253528919349298,0.6455398320628731,0.6619389932731174,0.0
0.2518455622737534,0.683428478636292,0.25722059460825275,0.0
0.3057945478885472,0.612133009082109,0.7445884590083236,0.0
0.2907964410642413,0.6948444346371654,0.7254746575217716,0.0
0.4190531001723968,0.6876139836611752,0.48319646351036494,0.0
0.34192477564587764,0.6509869873704722,0.588327537114162,0.0
0.33708138762009987,0.7257278404712627,0.7001840197780871,0.0
0.49864266997250134,0.5688747320286498,0.5264038286599935,0.0
0.35047934941880265,0.6486380288107643,0.5207701131278243,0.0
0.2808508194444631,0.7369761258212614,0.5772838867600566,0.0
0.3999679900346601,0.7044379712525966,0.6228685500474478,0.0
0.2636803991262342,0.6513891375881817,0.5747293605123263,0.0
0.3283278724828681,0.6920396429985268,0.6277664895788426,0.0
0.373767790493603,0.6728684408539662,0.4782318796772781,0.0
0.39603330791904234,0.7338105781600383,0.630547880715433,0.0
0.3845562377035971,0.6663839946043926,0.5324166352488443,0.0
0.3397596771994174,0.7197094215262148,0.3765955935131009,0.0
0.2515186094800238,0.611148683232736,0.574228749186455,0.0
0.3819295853641724,0.7217007305558567,0.4571929845517567,0.0
0.33806436465549805,0.6433702973092732,0.5559296351782232,0.0
0.26596022425659904,0.6647168495008203,0.4997108072640106,0.0
0.26822236835468544,0.6976212326895147,0.44314932849571226,0.0
0.2963169355505341,0.6969229962414581,0.27384423723510753,0.0
0.2765244622998051,0.6701931708972891,0.44974342794464045,0.0
0.4026127698561615,0.6734036882021943,0.41675105059457107,0.0
0.33251894912060875,0.6656804816647917,0.4509245274186489,0.0
0.37754772113929375,0.7739643347801546,0.3715669346958196,0.0
0.39121151933688897,0.6579267716868498,0.40485219772254705,0.0
0.3438140878839065,0.635619412968672,0.38489396696739964,0.0
0.4520914886236033,0.7395562495651123,0.597761195292661,0.0
0.40578565093765423,0.693000520344301,0.6014232428632726,0.0
0.2708222526255379,0.6450364412733586,0.13898146247354046,0.0
0.27726938707570414,0.6900236271885724,0.3855466324822371,0.0
0.41403390705488397,0.6463857806602558,0.26152956776968533,0.0
0.2323813434383486,0.7908875259512611,0.46931504697664983,0.0
0.20094923767272976,0.7622323424499247,0.33991705037925934,0.0
0.2124457872964506,0.6440374986227736,0.32731928921493064,0.0
0.30399476228166045,0.7173709959408499,0.22003287630485288,0.0
0.3496236505369519,0.7108663300435248,0.3979564070520013,0.0
0.21727086634115017,0.7566606093139104,0.36002632044107147,0.0
0.4640921580418018,0.6869404780575714,0.444724637649495,0.0
0.506859833990559,0.7843204505465922,0.284892281893062,0.0
0.39363007596681177,0.7611178934519408,0.21329635068295888,0.0
0.426673958947967,0.5734756308146131,0.1914628454743918,0.0
0.32044745324443535,0.7220525353477577,0.46002440195057215,0.0
0.47228924364570335,0.5961939125071065,0.13945045280545385,0.0
0.37472523591514456,0.6760383151143543,0.09435141092235766,0.0
0.2396424399596117,0.7181803529298022,0.33775544553603015,0.0
0.3028906466130645,0.6144471886866628,0.2948277111990282,0.0
0.2651419162931565,0.7082427909310706,0.24806985908910126,0.0
0.3354375712036353,0.6158854606548375,0.24573069039162715,0.0
0.5031780106333111,0.6791158131183036,0.23112307012708677,0.0
0.3370137560247336,0.6637418240280065,0.3625122909306879,0.0
0.30355990819115775,0.6424509055613191,0.2735904512111809,0.0
0.2247847150241158,0.7590124560466714,0.46559239227647375,0.0
0.3921245570444613,0.695675009272612,0.6089837017718691,0.0
0.33776659268153864,0.6186675735639744,0.149144064715212,0.0
0.28749194037725573,0.5906647774241395,0.2451314083167166,0.0
0.4829713308058051,0.7288983854169669,0.3089914326093075,0.0
0.35418946461180945,0.6243229479203041,0.462101104467935,0.0
0.26502030765388346,0.6645796793149834,0.22222687140249353,0.0
0.42409420380253127,0.7895649984282078,0.18693816186119813,0.0
0.2979485944702538,0.6457724769741182,0.26755552681922534,0.0
0.3538817302355861,0.6251429930153377,0.35384060182109617,0.0
0.3308841562506872,0.6205461802775041,0.269117786186279,0.0
0.39007337500995043,0.6163466853120869,0.3367281497860349,0.0
0.21844757751029023,0.706601611542796,0.2851086590099365,0.0
0.29093926747659865,0.5657070739601288,0.18861679111620488,0.0
0.37277780013771855,0.6197410024937354,0.41523028078225854,0.0
0.34671361610821466,0.6013390280142525,0.2861874241243052,0.0
0.2831669307772838,0.6509266673462104,0.4520003158259652,0.0
0.42085536896521136,0.6052175887205429,0.4354233673330336,0.0
0.15626843998981682,0.6251862846717713,0.44015016225955933,0.0
0.3836916698697047,0.6367608887970507,0.3911019282887953,0.0
0.44742256493278454,0.6882652505980728,0.4162032157490255,0.0
0.3149915020742005,0.6470465087308227,0.421888163779335,0.0
0.37918198855171303,0.7965240479187262,0.5057651417280092,0.0
0.45209711377311557,0.6475154776187069,0.21484021786705457,0.0
0.20633664631793153,0.6509091909575214,0.4204945093037951,0.0
0.382154189901133,0.658853968271468,0.5015932295031889,0.0
0.37484916464868523,0.7182519116332179,0.2707940468068558,0.0
0.3850797125995531,0.6460827251659519,0.5216958484470767,0.0
0.3725493004046796,0.6858932351780201,0.4124815718824238,0.0
0.4244268653235396,0.6196349704454679,0.4655742855583875,0.0
0.3963183860597113,0.6910197263172169,0.5621716562622381,0.0
0.3364100051765303,0.6122741770530615,0.41398833582883704,0.0
0.4205590893316281,0.6146700805493424,0.5869605920105658,0.0
0.39307479225789604,0.7826077487534839,0.4226210800896425,0.0
0.2177023800876577,0.7597626586893509,0.5654365656354056,0.0
0.3823974901055856,0.6024706571620974,0.7445751979616824,0.0
0.36875158356839144,0.7135459974339214,0.5481009231736711,0.0
0.298762043564375,0.6972881014281597,0.729784787811055,0.0
0.48945493013115177,0.6383270594141288,0.4426218561376936,0.0
0.36645799298309556,0.7346514911082569,0.3723358751920698,0.0
0.34935936811368085,0.6433871358031548,0.44037190063753495,0.0
0.42785364671695314,0.6733990780313042,0.41258624818944634,0.0
0.33713722405678975,0.7681412915173635,0.5553881934787994,0.0
0.3443405548731244,0.6516365858151397,0.31165866432100275,0.0
0.3455252375833058,0.709772381888805,0.7662429381096945,0.0
0.34248890475561355,0.6016084454754997,0.838683308940146,0.0
0.36511434335303566,0.6665524947733997,0.6011558046919454,0.0
0.3201070394495811,0.6341884635255763,0.6142817234368948,0.0
0.30897233738582686,0.6733858136615137,0.5920593287164091,0.0
0.15392241532855902,0.7324904111153476,0.7421655697082575,0.0
0.3385849924735721,0.6447135480402525,0.4768058809867125,0.0
0.27715393236273367,0.7721362266054173,0.7111248897732407,0.0
0.4257337651234588,0.5982568937269662,0.5961769384675015,0.0
0.27022977528864434,0.7087799058103432,0.6245964252796653,0.0
0.4248767974562793,0.6926557986891623,0.6125323485135709,0.0
0.2815149337920082,0.7029561364166558,0.7079390908923172,0.0
0.3940906417793694,0.5909331854168818,0.741031667016169,0.0
0.32818215835847686,0.7279405535502133,0.6027707117026118,0.0
0.24546966611808768,0.7013605970807383,0.5451621455072594,0.0
0.20344564736930223,0.7667873820974023,0.6943068274771496,0.0
0.32640647305528403,0.6889481668611241,0.6694416105144029,0.0
0.37913821189296315,0.6740181056877126,0.636843859535502,0.0
0.3966241415113647,0.5613898964406023,0.5553927610484594,0.0
0.38566923505023537,0.6529609998188391,0.69205469656557,0.0
0.32881922557525106,0.6173017164758612,0.7097958287687989,0.0
0.40466022045715777,0.5618449837457296,0.7931268669915951,0.0
0.39248237874511005,0.7229614590367308,0.8567587477052884,0.0
0.22673006149346836,0.5862253819958578,0.6364225213040868,0.0
0.41541272163752985,0.619455371210792,0.7175810555213625,0.0
0.32507857576064414,0.5786003341891066,0.6065810544625643,0.0
0.29593013976181337,0.7262185077964702,0.6039644901904604,0.0
0.41346543207047115,0.6740901674216924,0.6130686010555333,0.0
0.3299489739009781,0.6693205888787216,0.9549128329005341,0.0
0.46794186610285404,0.6198094144924466,0.6954055300239584,0.0
0.3258426353769786,0.7707469134798156,0.7696795726192022,0.0
0.4265926191244417,0.7203532669776037,0.7610853752953743,0.0
0.3178290259340105,0.6471488818669097,0.6914610361636501,0.0
0.3922160800746603,0.5808793384773938,0.728231088359627,0.0
0.4227832358344832,0.7258468435332772,0.7736035187139211,0.0
0.3723867430833082,0.5613423439890405,0.7331731251722893,0.0
0.3997263069756299,0.5843950854507813,0.5821056492182044,0.0
0.3748355876914676,0.7018900418423574,0.6930431408720767,0.0
0.45506270447807984,0.6290373163069575,0.6828171584509862,0.0
0.34524030180541476,0.6414496725918816,0.6954184579202591,0.0
0.48046049004588165,0.6063235618668297,0.654517916340752,0.0
0.4957582307482986,0.6717932865906944,0.7763895347037514,0.0
0.40136402126954074,0.7133778477374061,0.6814334796844304,0.0
0.34061692399197024,0.7435608464111347,0.8785187774574041,0.0
0.3463597982879383,0.746203068627062,0.8065861796685503,0.0
0.34838505463233144,0.6420929234683694,0.5141839139920513,0.0
0.30166873865983457,0.6129321460937522,0.645160476356801,0.0
0.5060400394251261,0.5990987575556724,0.7470612049431374,0.0
0.3800429032278054,0.6984891695299962,0.5052848483022647,0.0
0.3973161766570445,0.6875470758404889,0.6464739148492764,0.0
0.3329808012598947,0.6261401826998909,0.5552429978160182,0.0
0.3330090298154786,0.7293409918664531,0.7596074752574802,0.0
0.3174115541516617,0.6862849333831842,0.5623347460303975,0.0
0.402233841668104,0.566055353100166,0.7360978487481664,0.0
0.3369769047612491,0.6337379064038409,0.6099338676876508,0.0
0.43868354181382646,0.7776122723259808,0.5636526058657553,0.0
0.27565446175883784,0.6131441976034848,0.5780346313277805,0.0
0.3445910960771063,0.6704272770983338,0.5797050390078851,0.0
0.5901545940698898,0.6241478736247806,0.4926383939117299,0.0
0.44255131917010493,0.7668024395441619,0.5999751566961485,0.0
0.4352523864553848,0.7225222148349744,0.6236305562832886,0.0
0.4733339751671323,0.7261577354267403,0.6797982372673049,0.0
0.37463055357465164,0.6648028211859993,0.6622332348143879,0.0
0.41949386470983213,0.6313996712603582,0.5028744822934819,0.0
0.40528792544159226,0.6577861928893688,0.3640143859020082,0.0
0.44163873449128604,0.7847952833983275,0.46922217650470005,0.0
0.4099506946968604,0.7496471967858084,0.4904704467613049,0.0
0.43863172077732315,0.6661965473893814,0.4553566385449473,0.0
0.4778905399887818,0.5924090820353363,0.47171462925113594,0.0
0.4876037303139874,0.5626087857129735,0.4025254771092895,0.0
0.5172419223387472,0.6500549843356207,0.40289770916712847,0.0
0.2761588879667005,0.522071642602795,0.5024191068417816,0.0
0.31030137462954294,0.6965013868379611,0.4827977332135682,0.0
0.29157564810632847,0.7053474396968086,0.483672789180706,0.0
0.5417309596838134,0.5887949140204307,0.266100154292366,0.0
0.3903531186915602,0.6676003669593614,0.3945290655992069,0.0
0.2938768460647645,0.7396258762443955,0.41043755354558303,0.0
0.42141802771021636,0.680405193149227,0.4756293994080603,0.0
0.4474178207894035,0.7317491518079458,0.40209506651165244,0.0
0.38882114445702187,0.7384070329269683,0.31480371933557844,0.0
0.39278736394845254,0.566153493872917,0.39525339103258433,0.0
0.46325148391909793,0.6128425612418564,0.33782460622002747,0.0
0.3598154944600739,0.5065672404022625,0.2240526671929331,0.0
0.4608640126920666,0.6765274537070978,0.2546734205916,0.0
0.39771179687275454,0.5814981186484474,0.5017108650812363,0.0
0.3803228660936269,0.6526131503396717,0.3722093156992765,0.0
0.37822580939835226,0.610080945120132,0.2512090339150297,0.0
0.5418149221479618,0.6894505716760205,0.2942531359262416,0.0
0.5119484349268801,0.7054780209747661,0.3327579562351296,0.0
0.4558578650890872,0.6736091231253049,0.41631424124588545,0.0
0.48396421722554683,0.6178858873063658,0.4585343258065448,0.0
0.5660208698100213,0.6086487309146258,0.5003912995596371,0.0
0.34788655971084415,0.6209668499567407,0.2947601884236802,0.0
0.44382683904284,0.6145779997636852,0.30735323751487104,0.0
0.5402034536080569,0.6751794201804419,0.31358904455778935,0.0
0.45108143781843335,0.5876324460880956,0.2840510429986348,0.0
0.43393784980842237,0.6878317563821643,0.2614700505110319,0.0
0.3039387469598127,0.5611375071874107,0.3322338785969665,0.0
0.5387142153166296,0.6204669442278635,0.4089637042694749,0.0
0.39018981600473446,0.7010195962492003,0.3663279087676873,0.0
0.5221232279780716,0.730805481248847,0.2385393507753924,0.0
0.4435224149026191,0.6636404259494343,0.24606510554180333,0.0
0.4019556743206844,0.7183637411555618,0.3554556363857886,0.0
0.46773589685186756,0.4760874427621954,0.4159721909635557,0.0
0.37700472468774937,0.5798198063224312,0.17162747335425477,0.0
0.3685839038950487,0.6677902329038429,0.2964035630384269,0.0
0.4121457512848204,0.5700204665486858,0.40072230287105937,0.0
0.28147344810721986,0.6213130903420452,0.4511715999897764,0.0
0.38010782924737124,0.6250445377408942,0.27762519161923094,0.0
0.43855483617852425,0.671802498831464,0.41281704214415343,0.0
0.38727662833434373,0.6342190090549013,0.3026285707995628,0.0
0.46621036349095835,0.6491167531484379,0.38305270446252715,0.0
0.4142908152252872,0.5261079589280735,0.4014214642112174,0.0
0.4898408087887722,0.4712246773083786,0.5356323897211851,0.06775628456289327
0.4986546253390013,0.5826056443724681,0.3880723097493693,0.0
0.36009848314433557,0.7598418812320071,0.30772667916677765,0.0
0.4796054184551003,0.6747409132783562,0.34183680975747,0.0
0.6022732468190619,0.6415428721779848,0.3469048239146091,0.0
0.5004420746366387,0.7152218183336227,0.4152440571074396,0.0
0.5426745225840877,0.5752192764188786,0.3816345814284245,0.0
0.4068689322725606,0.6637257446182088,0.38350675644954846,0.0
0.5410969015246918,0.6712120580908387,0.32695537137545627,0.0
0.5071576391139713,0.5703435310917804,0.411111041889507,0.0
0.39019491973120063,0.725542408798697,0.36743739083825266,0.0
0.40015425405729044,0.6439347428548879,0.2728154408519851,0.0
0.5415604050579977,0.5921823191009002,0.2833037145958746,0.0
0.3628830601848398,0.56361461239555,0.5466444655551422,0.0
0.3589479723857821,0.7781461483206584,0.48061949824066474,0.0
0.21604754281011412,0.7794565543554444,0.27969542470848047,0.0
0.4978056345607712,0.7883851443803562,0.5570799532358919,0.0
0.46358034733322284,0.6932049335268183,0.4945455303635166,0.0
0.42433608831615005,0.6382444123260286,0.34325621249817245,0.0
0.2805634548643692,0.6360996223923149,0.31979356066974834,0.0
0.43239153209227826,0.7245201371806759,0.5502493224366795,0.0
0.33882974907437297,0.6974462712792928,0.3601689224826172,0.0
0.46200416792196414,0.5828993327081818,0.46895521245104416,0.0
0.3698905884839029,0.6601869160485521,0.29911828848328126,0.0
0.4164289760858655,0.6741493972650288,0.48080907524291433,0.0
0.4300179602118326,0.6142356675324847,0.5122297503032279,0.0
0.4239088056260563,0.6424355014722328,0.429800831219324,0.0
0.3077915782560245,0.7449746045912162,0.37561367646087107,0.0
0.3625274187544642,0.6936954626166664,0.47050503217079676,0.0
0.3661207500604905,0.656739649733428,0.4164652946740238,0.0
0.326992126477639,0.6575892426136216,0.6049600262567615,0.0
0.4071769872897833,0.6312107580159945,0.5459634853614626,0.0
0.4991103293435928,0.771631380095481,0.48583315966276824,0.0
0.4149374361318996,0.7937825602592591,0.4612148813665785,0.0
0.5562160651261152,0.6057847054975203,0.5984806460820792,0.0
0.393669780721001,0.6257851783938582,0.5231792372202954,0.0
0.3720577963947194,0.5645635839942645,0.5847556754410823,0.0
0.44270287294325983,0.5446462612277823,0.6144353518366054,0.0
0.26450114859428353,0.6604433941908542,0.7041142278624889,0.0
0.5578057909470162,0.6631411405619626,0.5108461430393189,0.0
0.47066615300173775,0.6415603234847447,0.6714326497031314,0.0
0.4395488659228862,0.5521771301857012,0.6064344443236245,0.0
0.36715760459281865,0.7111655905126263,0.7266880625179214,0.0
0.3386149788261937,0.6180154930183119,0.7388668204564128,0.0
0.6115463631985355,0.6605990703636623,0.6367619621074977,0.0
0.4386832723825826,0.6268518098171673,0.7194398327643378,0.0
0.36512084315936405,0.5561260227865332,0.46500842778514906,0.0
0.3397306715060901,0.5068265644228509,0.6874868255485751,0.0
0.42751432707680853,0.6863094464670985,0.6568119009502352,0.0
0.5015261186390215,0.6185835273486808,0.675368196502669,0.0
0.3765527637085561,0.6945225409721913,0.6557091050873467,0.0
0.47292078748563227,0.5810919210925378,0.6760231964938004,0.0
0.5168716452665263,0.6634818939727972,0.6707023848823732,0.0
0.541216603921385,0.6684686183811117,0.6742403427412256,0.0
0.3447909069539702,0.61668651773872,0.6122538605409592,0.0
0.43653199399176856,0.6657815652614038,0.6831614254531215,0.0
0.4371579531848096,0.5154720060187676,0.5962777638771553,0.0
0.3352244205727114,0.6699957237997721,0.8432863864934004,0.0
0.41492457032558333,0.723443568210997,0.7050780489792419,0.0
0.3829277869167248,0.6158518188107122,0.6513936214049079,0.0
0.4468459184839892,0.6331827612092049,0.7425981960482897,0.0
0.5099643308353059,0.5439061218930058,0.4435122655834592,0.0
0.3246497041267663,0.619514075886439,0.5818930764677187,0.0
0.47731701825638306,0.6785493096181588,0.6412533390009827,0.0
0.39030044413980136,0.6565082403241528,0.5510132221962418,0.0
0.4347752120661604,0.6667574899760652,0.7108624159150699,0.0
0.5317257201331593,0.6224882256183817,0.6961739251226615,0.0
0.40053741990467917,0.5789118371583859,0.6816097730813123,0.0
0.32624790856549146,0.5351863161273954,0.8460214118230155,0.0
0.3824741809072067,0.6943942812437645,0.6383428250999682,0.0
0.4922340697071415,0.6017253155112579,0.9059421245855812,0.0
0.49736762976074456,0.6489575548243895,0.8203854321989106,0.0
0.44056033192526134,0.585794927779229,0.7362085175529425,0.0
0.5990709798021299,0.6391921198649643,0.6536791481278199,0.0
0.33022989683762427,0.5727031576893609,0.8102526940534733,0.0
0.35624712138544484,0.662199165151637,0.7917754962231875,0.0
0.5196838148644654,0.5845922946858323,0.5310240140827035,0.0
0.4141856128926291,0.6149500190126971,0.8060244949417937,0.0
0.4764710217665286,0.7599001406940649,0.6088532577188736,0.0
0.44456104999176677,0.6461155367317953,0.826051923398141,0.0
0.4850636863239706,0.6933504402385882,0.6121336921411903,0.0
0.3584152644783173,0.5110186046374399,0.854249678089511,0.0
0.4242997101131383,0.6123912020066647,0.6793696348763889,0.0
0.5108378790687796,0.5940153536858637,0.6319167937168377,0.0
0.42210470990531623,0.7254407345611995,0.697726460259304,0.0
0.497030501493393,0.6984084314491193,0.6356592063288654,0.0
0.4759750361402113,0.5889185863724902,0.564695382283519,0.0
0.5430626457146909,0.6292762946041636,0.6484403517183911,0.0
0.46326025435908547,0.7841009868508235,0.6741080150216492,0.0
0.5042673296883626,0.6508695030929665,0.7465323258667693,0.0
0.434923521281298,0.5535421058226381,0.5604450028865577,0.0
0.39955812401562213,0.6623147042652365,0.7483377790503009,0.0
0.3503293550371852,0.6536761600932084,0.7010104772797254,0.0
0.4352786266661665,0.6278812916837518,0.5028574973069362,0.0
0.43632414811137743,0.6521719466344217,0.49259811083495025,0.0
0.5057905086262217,0.603630010874494,0.7142787232868923,0.0
0.4659747780601508,0.6819554499123854,0.39974576487024865,0.0
0.32594749483439234,0.7017550462056309,0.4863965235743072,0.0
0.40286019210740887,0.6370730781918222,0.6957933334203394,0.0
0.6129202861309118,0.6985019738355885,0.643988590744698,0.0
0.512268886093331,0.591928857020288,0.41818011165776936,0.0
0.4363852301980057,0.5978063170403635,0.5696387447456717,0.0
0.45707255090334775,0.7136518048633157,0.3858310885866496,0.0
0.39265421435177555,0.5130078029756164,0.4917319314157302,0.0
0.5710759794593705,0.6628487010732866,0.3975813175670796,0.0
0.5496826956420282,0.6589258622081169,0.4357692519514652,0.0
0.4222234579143157,0.6893249171822512,0.6468762924299093,0.0
0.412892046257098,0.5568229540026594,0.47250628652756876,0.0
0.47785341713478247,0.6151438448220798,0.41181401164962417,0.0
0.49308800852557727,0.5920379496202853,0.3414259782654196,0.0
0.45179880759594904,0.7293350958001846,0.5847785928396273,0.0
0.4058230351710575,0.6511264553645014,0.3188141274660111,0.0
0.5152864222707751,0.6966159934330585,0.408637263736845,0.0
0.3837613930594751,0.5733871787576084,0.3960047821946876,0.0
0.5270867700986599,0.5748092629591793,0.5679215282807925,0.0
0.4542906164521251,0.5771672992511306,0.1400189235142113,0.0
0.5149475117673946,0.6051203465729071,0.38914202126399267,0.0
0.33099633144907653,0.5902568393592224,0.4618694175036882,0.0
0.4794846345733303,0.5406050917225957,0.4290859477848581,0.0
0.3267894547275592,0.6918843612674302,0.30898379186170055,0.0
0.4740455357784754,0.689918240965723,0.24978885300668136,0.0
0.4923053200264458,0.6625863364357887,0.36901519043224357,0.0
0.3917927823481024,0.6261686329827825,0.24415713370596034,0.0
0.4929247843326134,0.6752360904651717,0.11507779135033719,0.0
0.5075323408804158,0.7444497281827019,0.3534504056720618,0.0
0.4453682847116128,0.7024925851488911,0.2621985013306589,0.0
0.42138051822543743,0.5628002835044773,0.339061950842592,0.0
0.4858463418492823,0.6048587898724227,0.29761379235155805,0.0
0.5306487821717727,0.6153297681792319,0.3087469278840499,0.0
0.4839002326692549,0.574892536994289,0.2841591596225581,0.0
0.47706163284302117,0.528703321300958,0.4017115901984897,0.0
0.6178638220974036,0.6798028839428789,0.2650565071750942,0.0
0.47342844084219227,0.6661664205073332,0.3582619784704168,0.0
0.4165160134146031,0.6767976490548696,0.2763111635303152,0.0
0.3915901936520518,0.6404159439356076,0.5160411886652838,0.0
0.4779375565338207,0.6947332333249258,0.29313148180177384,0.0
0.39100851774824963,0.635698425832459,0.2823811944258905,0.0
0.5709908841251802,0.7653738185211169,0.3590589382477029,0.0
0.49155074412618693,0.5888100224313587,0.33494400527251444,0.0
0.4894768781015692,0.6890558521364776,0.20044136439838123,0.0
0.5893692053871893,0.5979158883805352,0.08891013102548587,0.0
0.5877595637248888,0.603627916262067,0.20116539769685426,0.0
0.5512496021203643,0.6378040140920828,0.2772024110093759,0.0
0.4526593480764943,0.5496553889300898,0.4626331898732895,0.0
0.5813726816660397,0.6962789631153471,0.4009267107411414,0.0
0.5242984072269288,0.598548263616545,0.21941851066795637,0.0
0.3976768167072158,0.6712607633076938,0.2633269670111299,0.0
0.5146630297236914,0.5844657015777553,0.3684580768884967,0.0
0.5617037837965795,0.5192412191851951,0.3224266546956104,0.22363596959788798
0.41197349403155403,0.5593353017685089,0.3611794817068607,0.0
0.5280504079418847,0.6243512278088598,0.3902670660992893,0.0
0.532785492554281,0.5805245407228874,0.39405228936338543,0.0
0.4893893002893941,0.5365282417197614,0.4375029861718096,0.0
0.3261864363188771,0.6458453006290252,0.27326210064772005,0.0
0.5265584264455212,0.6064299807867439,0.3977401009570163,0.0
0.5490484638540867,0.5744271993449649,0.4252520829932712,0.0
0.43316490383643236,0.6551589269705019,0.2977746903931161,0.0
0.5373829850721072,0.7002910206077073,0.3290244366673357,0.0
0.5064464315289814,0.5718092130299435,0.43136522509872594,0.0
0.4237054064682917,0.5259318247052484,0.4464017941018785,0.0
0.5076440625170023,0.5748706966085994,0.3894481658528234,0.0
0.4418117492647541,0.5993021389640871,0.47996271251974826,0.0
0.5311665293278995,0.6450627655540284,0.11211972024158151,0.0
0.4636739453498061,0.4751620261886126,0.43356320949400334,0.029649976505952483
0.5050041188297847,0.6421724728321763,0.5436707753403698,0.0
0.6551971623497115,0.6245276494643135,0.4261960352749987,0.04909862885499644
0.5043150009496041,0.5294052042810284,0.6357469431346208,0.0
0.5338563845427589,0.613089122562428,0.4230129160220848,0.0
0.47418805106124384,0.5916764473142345,0.34440561281503457,0.0
0.4750584727275772,0.5777777921770952,0.3757224489331134,0.0
0.4194946029062533,0.5700136656422783,0.3079456244333482,0.0
0.5385951802347603,0.48754691003210415,0.4274967541314621,0.13377917336890652
0.5575339608335345,0.6554270267613886,0.270900414871874,0.0
0.5191893763546688,0.6152804045870279,0.47973732466021735,0.0
0.5064756851466705,0.5272384485917906,0.5660183756963083,0.0
0.6920952548602406,0.5663603511711227,0.42915932330895357,0.34948189034254623
0.3957488258995244,0.47495184341967056,0.5267126651011482,0.0
0.41350474383742936,0.6237022988445668,0.4516938948316559,0.0
0.668977650260434,0.6238103589519318,0.4731469352094166,0.16526554408815575
0.3678547678936557,0.5268508008454548,0.4788869761172304,0.0
0.5374994426326156,0.5696111129775261,0.5190967399827441,0.0
0.5614923737573383,0.5915164389741645,0.4325424304192673,0.0
0.5401129494172591,0.5661309773766908,0.6124037804892076,0.0
0.6242509307130597,0.5822274499121094,0.4803386006995082,0.2020177546297587
0.4565019034143471,0.5715135823465913,0.5382593390991058,0.0
0.5457169990848856,0.4470890572701417,0.5264748378410635,0.3398803207284104
0.568788511359792,0.49833949154444257,0.7079181127016297,0.3199656845354223
0.633556576042139,0.5856316617123012,0.5167245976307794,0.3161672453975869
0.4605090534594817,0.6151492504166002,0.6814055604194575,0.0
0.6673972240051463,0.5449972091240629,0.6102166915431454,0.5143884212420925
0.5532553006823562,0.6036484963895868,0.6969059225137159,0.0
0.6683472194302522,0.45525048071785945,0.7208116708926603,0.7101645949911681
0.4767226855827842,0.5303511427227249,0.5069865836099009,0.0
0.5393572572651407,0.6017796319361604,0.7485879250704554,0.0
0.5190265578737359,0.5424466875753283,0.44921323123639945,0.0
0.6491881306477967,0.646934969412894,0.5251940779074866,0.0
0.5698875394432859,0.5668096695291764,0.5676686131033142,0.03846299109470132
0.5340928522343268,0.5491328637473033,0.7032573898958489,0.0
0.5370891287578746,0.5434234117644502,0.6397926691749454,0.0
0.5512963149866319,0.6459188302302831,0.7047209098896027,0.0
0.6357563523608589,0.5249708306146394,0.790517544515552,0.5645687285641934
0.5714158284796618,0.5718630155486167,0.516117465550038,0.0
0.48448599948807564,0.5535765856858225,0.8464565807053971,0.0
0.6310440881152607,0.5750506684966674,0.493099307341614,0.21532817644494068
0.516977299847341,0.5077491441049331,0.656390698898409,0.031419349420953424
0.42965601516993707,0.5848746153670521,0.58293700068505,0.0
0.753926613579998,0.48483692450481464,0.4371825509843977,0.6732537009016399
0.6760767707998858,0.6575008472532357,0.567256343813789,0.16493001994694478
0.5507751634575958,0.5336430987417519,0.9546456379607342,0.27467587486161943
0.6082991729195659,0.5680615903059261,0.7987899357529654,0.38830251811448135
0.6206440431603283,0.5115010859546926,0.7258170731981654,0.4813595817889864
0.6457257511884842,0.512823379837382,0.7366144184638733,0.5580319175445408
0.6860840200617735,0.5319163765846908,0.5216011322529666,0.5871579719869967
0.5235414159309906,0.4957740196810708,0.6393382496693054,0.2149664507866471
0.4251460628817044,0.7232649120195996,0.8045100599802598,0.0
0.5996084799506972,0.5471332444914594,0.7510166219115885,0.4042672779158299
0.6484483572802759,0.535374840875315,0.6791705370429221,0.498602167821154
0.5884073375717856,0.5980262058120239,0.7582600513017408,0.0
0.656472062122381,0.5416841716831265,0.6970335034290649,0.5057730847279047
0.6939290175988811,0.5868515877273714,0.6216166122912937,0.5220452188715219
0.5342674612366971,0.4422229101126642,0.6275395808000342,0.39524966389480165
0.6882500036300869,0.5557851252058376,0.7627208819438305,0.6347866361579189
0.5606814723821638,0.5509153526804365,0.770252255781799,0.15795151821505754
0.7071130697179714,0.5674982308320639,0.725356124013189,0.6703244118851018
0.6098782992600752,0.47208752092633693,0.6739046068646544,0.47353233573156506
0.5659857380020494,0.511328879757069,0.5939630886568915,0.23833652085319973
0.46851082664369714,0.5327976224423764,0.67332562829311,0.0
0.6727396534745924,0.5762542082575935,0.5124490943199902,0.3563652173743919
0.5584686120170161,0.4636058139334681,0.7561525649500626,0.4218160054018124
0.5988388126951512,0.3997682581355948,0.7367468837778103,0.5317259261165244
0.6327946104213062,0.5316426162774915,0.7846948246793441,0.4617521461770022
0.386439027534334,0.5260309726852217,0.8286800832465644,0.0
0.64477275322197,0.48550182886207716,0.7293412247592101,0.5380674021323592
0.6661086215484976,0.5453282095499976,0.7546499558453671,0.7090240087886793
0.6593932773743014,0.4844621824575501,0.6460715338762796,0.4982055408100268
0.5804229495128753,0.4854430537132138,0.5651482106650355,0.3692876543562161
0.570206405409424,0.5772618400394682,0.6175777569503145,0.0
0.6097684226789666,0.5193114410315387,0.7000668769252583,0.39841389091625795
0.5833506808739795,0.4917764382734001,0.48296995811117327,0.27804287965626684
0.5979023301164272,0.5624633508427637,0.6438131833586872,0.23867413241135627
0.7120718369734378,0.4967576926960362,0.6203938136080497,0.6540615368377386
0.6652289879519703,0.4700344805433051,0.33746561278751774,0.5005514980598014
0.7578198508879952,0.5605729241344956,0.6778870770742778,0.756915086561966
0.651092607276915,0.5168389424443357,0.5195821390717257,0.4504557350923782
0.6932616919816913,0.5772330662301289,0.5674027010470607,0.4625220692559151
0.6520422367085278,0.5360724049357469,0.39719685655019743,0.2543575985270065
0.6079570520406733,0.4267572544451505,0.4907683183988205,0.5035711990581542
0.615740127278159,0.5871480520682447,0.5742568146237836,0.18235975666473084
0.7017765715234722,0.4316700129331539,0.6454935169055784,0.7025714818330407
0.705638449379297,0.43568856601759065,0.38620646156194516,0.693131722943675
0.6901127620878014,0.4408769067385494,0.4130336918725308,0.6814991287129367
0.5648470485706139,0.5935603771953578,0.4099379265352133,0.0
0.6337105219400813,0.5311912458649406,0.44558859978858095,0.34420157625387804
0.6632735340316577,0.43486875265311165,0.5740824345420128,0.6024967665259372
0.6417120067727985,0.43533903752348924,0.24376663412046917,0.47843925681711946
0.8610092337290334,0.5370762572738814,0.45649162386300857,0.7914670271237234
0.6697972714249637,0.5228271469105126,0.34033638030556357,0.473520715727331
0.7252305052352995,0.5330911435424761,0.5022652357174208,0.5980865695784381
0.7218288988773456,0.5255088480244827,0.4230135907423457,0.5389596545157633
0.676148503620959,0.5829412090897113,0.334506954271058,0.21857357063003316
0.6891808672989214,0.4880532621113611,0.43598683782188113,0.5762559575531058
0.6581438196292156,0.5743918063161249,0.25856227353718875,0.1921681080624523
0.6677396191880762,0.38640867133074996,0.4010672309416332,0.7363935860253062
0.6776709190636769,0.498842054343121,0.2926361948675823,0.43306251653472144
0.645984289574085,0.4659370941946259,0.5468170508852171,0.5772540778555271
0.5950833634450375,0.4947902867059203,0.43226512439118403,0.38168263821374515
0.8104432549254699,0.4190943484903279,0.30135719842047165,0.759822290856641
0.6652784112714415,0.5079815024667801,0.48117640120041566,0.49491151879857187
0.6584121981396125,0.4891054795349244,0.29892865937850316,0.5465315805456492
0.5553871178305554,0.49108443473374347,0.5848035714644695,0.2742582788486221
0.6767968771998805,0.45355327463137435,0.3333318667282808,0.625943271804696
0.5150510470936395,0.5670060220777795,0.20897531965950708,0.0
0.6576604463761071,0.5103131961862432,0.19155859971614683,0.3787133395180043
0.8539447698629483,0.39320955972443133,0.37034165166556116,0.8753174980858084
0.7260709764954429,0.4761488666449451,0.2872223440000906,0.6262409937599565
0.8443478487829394,0.4585457724963621,0.3987707134579303,0.7769896007065265
0.6234850898545592,0.4983443766728226,0.4752065220967086,0.43002123639232737
0.6749553575581476,0.46995748432540124,0.20175414584614035,0.5088634558599265
0.7705866449858727,0.4428745800300152,0.2797907044671619,0.7412012554213152
0.6650624211167523,0.4660320431224506,0.5367670981597636,0.5710050364942759
0.6793327878383022,0.4261474916618904,0.384207893890963,0.6089888489222381
0.6560501569342859,0.5442782419363807,0.4517489971923331,0.3579189473691346
0.5586768038911507,0.5254508213902153,0.2413257141649689,0.12833595187638075
0.5503916945830531,0.5185558402979585,0.1886715038128912,0.11558386525216438
0.7091418454269147,0.40776363483620126,0.26908506544829125,0.7033132425891704
0.7244715562492187,0.49506477882834904,0.4987396793778939,0.5654534584545485
0.8453770059974899,0.46626135625139276,0.21121721609403252,0.7398055438725636
0.7008703687378373,0.5152990067154675,0.2883407088885919,0.5576540281394198
0.5999059447958752,0.4592746631292367,0.17585627648503344,0.346225984494542
0.786950991207784,0.43475429237913676,0.0406742352636319,0.7247653514810987
0.7589390841386807,0.4792576852977018,0.4246738401085607,0.6453283977410185
0.778417288436036,0.5265504507486785,0.1232368625256936,0.5706718591149635
0.6836656135193863,0.4501086396139012,0.3358632692801789,0.5526874576448911
0.669943353667071,0.45704914504928146,0.19237102704006503,0.43500300340111686
0.7783498626365203,0.3860723578904806,0.3677268710172665,0.839438715273444
0.5939354616967523,0.40934612085986066,0.42919963704570646,0.4418403171592812
0.694847659015249,0.47772365359511376,0.38812774766922875,0.5611319586319093
0.6841991844246686,0.5353421917019104,0.4836786631207271,0.5444132182933977
0.738825451405202,0.4015040567015444,0.22674425608531268,0.747070808338345
0.7654718576710947,0.5340959155767857,0.3748337059945831,0.5464558638012912
0.8241558094178335,0.38511636236113517,0.2883977920478772,0.8904504738289484
0.8996533991827171,0.6315951133603216,0.3874672251567306,0.7319679125365687
0.782760451878444,0.49825932555243013,0.29472815668739316,0.7662095959547673
0.7584056607353121,0.4748645853454836,0.3933873444485585,0.7158126844517788
0.807115240037569,0.40796480880718455,0.27096474384850927,0.7726517542350105
0.7831600984496181,0.48673619021072684,0.3971483215197099,0.8061366684202098
0.7475523184936763,0.48012449933555074,0.24220094729058989,0.6019128081871802
0.8036430206052622,0.49094612664458864,0.3219743401381031,0.7271918372568938
0.6265701002655353,0.4185782479516034,0.44040935125649994,0.5743731645756424
0.7880532577104967,0.44298642123085763,0.352077350767339,0.7366685763604168
0.8119062736162028,0.4602583766633634,0.43164483434078516,0.7738118977068494
0.5837325664103005,0.5008291627052217,0.3345592039406648,0.19908624633452693
0.8114783129531195,0.4114792416048522,0.4884365879461674,0.8758248401690517
0.8106855458560382,0.3530426573279679,0.5036373480801453,0.8958173984822185
0.7264578288603037,0.44360330804053505,0.2048194262516732,0.6494685718795505
0.6816502793454343,0.34883978284938794,0.2664167527630509,0.7592373265474587
0.7136589285045769,0.5220236625949899,0.3650725250796102,0.4456360276008114
0.6746780448041073,0.5041486972004163,0.4030628535911732,0.46572218112103114
0.776801458068223,0.4601069641700527,0.530392552975086,0.8404046296696781
0.7352185083368732,0.3504371388350777,0.3773061552725124,0.804709200767946
0.6948992859031511,0.3675709451062974,0.49279644999143624,0.7257490765383386
0.774623759632927,0.37949027991799583,0.435377590415871,0.7745484107605756
0.843215872889983,0.48711496008342514,0.2737988756126383,0.7418658303412554
0.6522776595927937,0.38599856393558607,0.45007386485741163,0.5649796867002936
0.698251214949975,0.36476255767511007,0.47914439477634213,0.7375158393032326
0.7222609957330197,0.4306092523283639,0.44533199154127256,0.6856492295010264
0.913876167223883,0.5004276631074208,0.37004187630723934,0.9352203707236149
0.8449117243593274,0.3511042026748429,0.5818777643754852,0.9922519759248944
0.690196415500447,0.36494983073914417,0.6017661466843494,0.7481748426785108
0.8241181020191619,0.4404353529840298,0.5390695920928136,0.7777029448995895
0.8537854165297158,0.4981753995456664,0.5186432637567492,0.8364893046275927
0.6475113997955423,0.45885528536107006,0.5987880823349664,0.5761311427885791
0.8599482687896403,0.40795536614120353,0.5980429307529119,0.8526527842048017
0.768115827930061,0.41753874452582984,0.5641131303676461,0.7747801796203347
0.7594821923462666,0.4775628302864904,0.4979059144397302,0.6399801962018066
0.8999667123364337,0.5188872447214292,0.4521210591045977,0.9061780606992254
0.7197620183558926,0.4518092329198636,0.610769741516509,0.6976635188498637
0.6972987467530882,0.3945675368610244,0.48972813706703533,0.66438738726899
0.7546257367960516,0.3930544006533549,0.6495525351864215,0.8738247365022502
0.7135957406903966,0.45036427003212265,0.631315839645453,0.7294316510635483
0.756076421433287,0.4885609451015833,0.6657819457265602,0.6827012073603695
0.8195324851511419,0.4972374502360045,0.5412284400406364,0.8006106410276711
0.8046663194248855,0.4314411708252383,0.7248548552350957,0.9593532454962262
0.6871211173892015,0.3611373238107735,0.6479389100189821,0.7733904646509612
0.7315306900924184,0.5311956397992621,0.4836964704861696,0.639107172535364
0.6915311343392885,0.5551626743724377,0.8478805004122902,0.6132630995806547
0.6960354291273135,0.503575273218788,0.609915900116527,0.6181076808596233
0.7420310736433928,0.3368196106281406,0.6472451904860547,0.7807234053615681
0.7005501742080182,0.5386179202081288,0.5229782756675527,0.5870351673658458
0.7176829655734553,0.4352143898902499,0.7276661547006495,0.7562155867660351
0.7756490397775625,0.5180910796319717,0.6400742424385552,0.7140731094117088
0.6431879578753761,0.4104753682012627,0.9681145232877599,0.7558604224112093
0.6219140507033583,0.38065252259538573,0.7213916869287366,0.6710151386547536
0.7739107068253891,0.4447026523867781,0.6606596547565974,0.8105516155941072
0.7368714405034664,0.3268419776351479,0.6502251176993681,0.7721478221378526
0.734016913512681,0.6471155401562045,0.7269594698064611,0.5613570089483614
0.7937441201581802,0.49696127323255274,0.7322207523042148,0.830869766089374
0.8845234851863633,0.40014669388044505,0.7375745109401761,0.8812816450714963
0.7644410117073799,0.4128788093108343,0.6484746218985222,0.7849480925548623
0.7980653375475767,0.5231072666365448,0.5656395656143922,0.7564923421031233
0.6532336116200661,0.4004897053594799,0.6772026740312176,0.6510847928357801
0.9041373189076418,0.5019775895216417,0.5611426289982309,0.8730222139351395
0.7917106636343518,0.6013065663721955,0.5403060478498588,0.5606032790673265
0.8596772140297425,0.49937685064225423,0.612075105886018,0.885020068522909
0.49914018087864975,0.47620253039582966,0.7316864963579632,0.19032424598909234
0.6188883238165971,0.48914122968420154,0.606361916467696,0.4893280061875697
0.6283722942109582,0.4595139496503867,0.5993228395946318,0.573351153673551
0.7686760893325333,0.46992276580255515,0.7027281785696576,0.7070654230092313
0.6760258681594571,0.4809877229774953,0.9609836881766523,0.6494528202885225
0.817134179100195,0.5438115264079485,0.7269680195226684,0.8922539374184273
0.719768437808549,0.5153495517400757,0.6848992379572763,0.7359333421391356
0.7777175387048707,0.45445936275022725,0.5582865837991541,0.7681159043825474
0.6259969148481883,0.4881885255230787,0.8139551167274447,0.5549329710068653
0.686574129495074,0.4954813640885037,0.7750543914795592,0.5526643298578061
0.6414639764187763,0.5046770215367684,0.8102191989017169,0.5650864824569727
0.5298757835166501,0.5371826867579682,0.6096688418743252,0.0
0.6300523688229421,0.488928478540649,0.6127306143030669,0.39577031370805504
0.7517652957509706,0.5764925024767233,0.7383572798908387,0.6375746780311979
0.6638806772841986,0.4996087210862325,0.7330845197130791,0.6424758829065786
0.6212660960977204,0.5049197333848137,0.7189331212184122,0.5798927052990072
0.7263605231859779,0.5553434012425311,0.6570116278884147,0.7075733348745455
0.7027810236767599,0.4563347253895858,0.7889659621079977,0.7528062174345018
0.6345564783097215,0.4792304219560454,0.6782865196095548,0.5786791072226374
0.6857833812504965,0.5266785204065731,0.8186247025531167,0.7068743425283186
0.685250847301202,0.564478634846049,0.5453765747427246,0.49563393125767463
0.8047445079786488,0.5029172462764576,0.5327936575965864,0.7395599110942039
0.572829357012609,0.4689142855123378,0.580506240599492,0.31374350146506946
0.6612494667159683,0.5701366304271989,0.5267814324438028,0.45847047646218114
0.7008633670822076,0.5778348351374435,0.5517735950732812,0.537439111258059
0.572645287968375,0.5694148500501905,0.634740984437848,0.05094648709519982
0.555952431550012,0.47029580946340377,0.6410701504404985,0.31022179685289575
0.6870565033679299,0.4419717316123853,0.6661647498818268,0.619215929038243
0.6941839950143619,0.56153785601876,0.5116701467722026,0.5148908028231263
0.6708353810666845,0.49166948862843574,0.4804918602075392,0.43955833178740567
0.6779720037839755,0.4301118337182767,0.5908817485592909,0.6478677572901036
0.6943314220350556,0.5138772700306081,0.5086375595288432,0.6011014666071705
0.6668046423267294,0.5509693574309668,0.5885090971444049,0.40039906523813595
0.7005430943989586,0.5687481276408162,0.43991402530590257,0.43607629123781955
0.6368554169897895,0.523930192935896,0.5749683348204058,0.5142492388533965
0.7265413382138263,0.4532668483941157,0.6037893371941572,0.7830454181702453
0.6609446816551362,0.605458825511158,0.7012270445700768,0.462737363721211
0.6499446876513383,0.6027053084450853,0.5144887833096894,0.2330520111644174
0.6018868611429014,0.6338048015299265,0.4181571334058001,0.0
0.6699891298992298,0.45604162951188354,0.5367649292991423,0.5002018315354018
0.6800406413464829,0.5931138889793395,0.44076440443479487,0.3370675257142961
0.7763325947000229,0.5176551977442838,0.35252690313078805,0.7312379062375952
0.7770069752424635,0.5482217403108709,0.5595639653772837,0.7630142439925715
0.5606012613969292,0.518881649877928,0.5815051131519215,0.2831349072725689
0.6650304688139483,0.49521113878987677,0.6571237730063922,0.5621640589686308
0.5931889775062839,0.5685402700693774,0.6138337039079256,0.19827098430269707
0.6431892400289528,0.5837973118070864,0.42300413824918637,0.25306911031889756
0.40763519378445573,0.5382035524558122,0.44278486487651786,0.0
0.6409058654249248,0.5437317267408328,0.5942002412163887,0.5012129154939982
0.5727355544705469,0.5469497373059984,0.4112579148240005,0.07055823943385467
0.6256019987222501,0.5105030758667446,0.3055911378910871,0.3511708268841053
0.650362366737745,0.5157410544204005,0.4719784926177655,0.41253078867945137
0.6202532190430385,0.6132206407567474,0.37908169307113426,0.04901034917519591
0.5586856284889944,0.5522120049943142,0.3618570064534715,0.0
0.5858580669507375,0.47108290206817527,0.3333275748272951,0.30464428830098
0.5795056198003696,0.5495101532477533,0.37626652955549267,0.12558948053304586
0.6599613659306018,0.533014086389104,0.23105094936560672,0.2741220906003743
0.5510237663044059,0.5508847209310094,0.2743714282847754,0.0
0.553510333802065,0.5828855972068382,0.41087398148807763,0.0
0.5569601742285254,0.5163981014691613,0.3482271178670435,0.08318757769227983
0.6358502250592961,0.4648480104839533,0.3154080676592749,0.4597189900139829
0.5947067613058005,0.7415820198388298,0.3617749216999032,0.0
0.5723628602328742,0.47342521999201287,0.3187349443134364,0.23236055348306564
0.653231222044813,0.5470275835242678,0.3151183276635878,0.2780803020236359
0.7191081081482666,0.5607254340329253,0.5100506235910327,0.5867685832730885
0.618565338186831,0.6021239888390512,0.3661746490647376,0.0
0.5476893284679395,0.6387094782710593,0.3048989783935588,0.0
0.5658076439538025,0.6902463309753294,0.43447786829444124,0.0
0.646115942164647,0.5660095787779169,0.13940153805829741,0.1428896042340565
0.6950311014806558,0.5715604150902417,0.2854502988034675,0.3336062988378679
0.7223309271658407,0.6855575349217238,0.5316667200857828,0.2352097496612164
0.5836499590997677,0.5050014470347525,0.4487890635381728,0.21292602415083703
0.5773420451010104,0.5301618483420293,0.24220893825247575,0.08444849252688784
0.5113699791459346,0.5636526378110612,0.24626874143383765,0.0
0.47161097655499845,0.609232485620832,0.42289153615690117,0.0
0.5025664887401919,0.5821685224891849,0.41906814176241636,0.0
0.5075028564313921,0.6330325990712824,0.190866405942703,0.0
0.5826885846161415,0.585531491731667,0.21723704108162223,0.0
0.5927853869076729,0.6777388301493437,0.23736484622346588,0.0
0.38303783851183454,0.568922936160568,0.29798972763925513,0.0
0.47507949001683236,0.5639332266118668,0.33031489375898265,0.0
0.36094150133400227,0.484757990841896,0.24910217895525166,0.0
0.32019961258198126,0.5820161894309022,0.2571639110892271,0.0
0.5091982550629709,0.6349793390844557,0.32391441074971555,0.0
0.601456577330539,0.6249237903273772,0.36061556070842815,0.11126935429423822
0.37327096484011296,0.7154817989856666,0.28104394480093364,0.0
0.5263590203759007,0.5945458199961173,0.269811626419236,0.0
0.40862610426626567,0.665034750051306,0.2851754787545865,0.0
0.49399897136033494,0.6954289530117543,0.27326141054148956,0.0
0.47152349794276216,0.6654753109954171,0.3953456931221323,0.0
0.5159548843600628,0.6601192882854744,0.33660167319700635,0.0
0.4624934089913016,0.6727003187726369,0.33190130529285267,0.0
0.5273401987558698,0.6431344237856006,0.339748130592325,0.0
0.6462494446049748,0.6871269811369131,0.4382864941542105,0.0
0.4488607337417341,0.6853180334942651,0.43897571415750025,0.0
0.47168154992246164,0.6142270806783792,0.1874226186519774,0.0
0.5897256408463558,0.6080102772463082,0.44649092906158755,0.0
0.5359245622577249,0.56713851661106,0.39096389450489527,0.0
0.4950483073470412,0.5381716053770916,0.5030424011961867,0.0
0.5473336785572865,0.7272603736295629,0.2875512974590214,0.0
0.5845753251408308,0.6218066827668632,0.49600496425979956,0.0
0.4340388670777861,0.607484616605618,0.36575490057843846,0.0
0.597846645367626,0.6284687359778102,0.4539031682205279,0.0
0.35435173595611863,0.6602034415034853,0.22742717384286226,0.0
0.39053479689337517,0.7632365599538485,0.5097889436023122,0.0
0.6010965342123735,0.5932210413520559,0.4730006092518493,0.04583547384826407
0.5111216065066937,0.7283412100064061,0.5316668721144279,0.0
0.3576090051017363,0.5943972222832322,0.44614676847687523,0.0
0.3995837020260861,0.7967006005347053,0.610057067361805,0.0
0.4957629489026996,0.639267461805931,0.3632258158342241,0.0
0.5106202032114201,0.5774943654711026,0.4918353035609374,0.0
0.32737539536980875,0.6083768993532298,0.45863944665783535,0.0
0.5245242499627006,0.5798711058540065,0.5486036289417635,0.0
0.5666152843109659,0.6317325208909272,0.4906363811260827,0.0
0.37702691451326004,0.5761729088932205,0.4416400673653993,0.0
0.3584523139618526,0.4900706641133658,0.4548841141590999,0.0
0.5660209399791064,0.640210318274876,0.500439677451951,0.0
0.3204206640243664,0.6446887534890193,0.5606247271560569,0.0
0.4292154645447294,0.6700664607023504,0.2927496028222522,0.0
0.5062806970043574,0.6090623579447192,0.5474807603225109,0.0
0.44259606393137885,0.6782278262597942,0.4453090816350899,0.0
0.5088172935671378,0.685418377658106,0.522694201658766,0.0
0.5171687832509295,0.5530035232853513,0.6972547351107494,0.0
0.4940391946592184,0.7478348154187135,0.444179958892113,0.0
0.43691610432994366,0.6289747887325342,0.7548409861988404,0.0
0.4155562576410507,0.6882633418961785,0.4611323760075507,0.0
0.475396260900014,0.6640283757370493,0.6082183645685002,0.0
0.32884237526553867,0.7032955926803542,0.7930503576232193,0.0
0.468021129379804,0.7255633653070115,0.4906240008038252,0.0
0.4661863037138242,0.7819114139453465,0.5442537509060962,0.0
0.5120124395227826,0.7171824051511414,0.6409594958938098,0.0
0.5360425326779098,0.7004215921908827,0.4519219947367632,0.0
0.4251323398245802,0.7105999389899332,0.6429701162054888,0.0
0.28391185087691,0.7006152761903096,0.4668310425567629,0.0
0.4324433028446398,0.7171765983214471,0.5622406690365018,0.0
0.5233379731247081,0.7270126581807133,0.6356772404091343,0.0
0.3734485945610121,0.7513333395412427,0.8381531701892796,0.0
0.3716318024154072,0.7216850390363861,0.5438909263810227,0.0
0.4660482730290031,0.5878110196280701,0.557026696365651,0.0
0.4059312202287339,0.6274313838748716,0.7121029536921059,0.0
0.41445846944171844,0.6546525099904982,0.7780757933985438,0.0
0.3813150812922771,0.6712699849707107,0.7393320698002304,0.0
0.4088482239469413,0.7523791891034802,0.4992756945083014,0.0
0.4258144419463473,0.6833104113262691,0.6812878878368858,0.0
0.28150389572440604,0.7976962936471941,0.6943438664860925,0.0
0.4961239816459235,0.646730252546382,0.7375584931625535,0.0
0.47774166201731955,0.5883663547789102,0.6889949490495277,0.0
0.44458103605073246,0.7442026512420921,0.6281417895914521,0.0
0.4011467705154137,0.6622014663610875,0.7831027486188673,0.0
0.17744094245426872,0.6935106766026916,0.5950499969892574,0.0
0.31100586894219423,0.7225645083099782,0.8317684618984778,0.0
0.3514797289427408,0.7513542517102422,0.6529953480517555,0.0
0.30765098654136125,0.6188902715948968,0.6599120084177101,0.0
0.3922701063988088,0.6990419843231584,0.6043297730039765,0.0
0.29462944640427324,0.7705616748306084,0.5986826771809821,0.0
0.28265718475074586,0.6939158711868618,0.7964356249214526,0.0
0.4682737689622428,0.7633285527560362,0.5798443204059937,0.0
0.327584069670603,0.8118344942423424,0.5705324386163995,0.0
0.4614363096087015,0.8417772121029652,0.6492426439960808,0.0
0.5725321469231075,0.6949414993839782,0.5367072785057946,0.0
0.44701696230890653,0.619010987516485,0.6529793979652383,0.0
0.3948140429463931,0.7655266918510504,0.6954340663369736,0.0
0.30381468954089624,0.6993802916924882,0.5959391362298057,0.0
0.4520318870716051,0.7670735191591105,0.7915544474458809,0.0
0.513377928924091,0.8313943173027355,0.7467672804814628,0.0
0.2474701433857781,0.7085331118242408,0.5996747346886929,0.0
0.29698874083182836,0.7844497089602491,0.7856825794951505,0.0
0.4037000818929201,0.6797275995459551,0.5639438684829428,0.0
0.4433479203124266,0.7366588288373473,0.6068380105188901,0.0
0.29533180650524493,0.8536851452283833,0.5205834079952325,0.0
0.4615955178556159,0.6637046399198625,0.6671000125735875,0.0
0.38299994575258,0.9101041833400061,0.45069712457067534,0.0
0.36817586100828287,0.7843152092902005,0.6616877656284195,0.0
0.4003197113967472,0.6265259129161027,0.6778818005156342,0.0
0.4330928134914482,0.801487099505229,0.6543190344794659,0.0
0.31151453306709664,0.6952667541810569,0.736230512476228,0.0
0.36395116509503567,0.7397601648351965,0.4908858911157834,0.0
0.4362333458953423,0.8534730461878249,0.49351502089718613,0.0
0.4015156738020458,0.7757893722635463,0.5597805648603968,0.0
0.4535126023138857,0.7802681217527349,0.48971991855878755,0.0
0.4766158967357283,0.7450577898348676,0.5893071148527637,0.0
0.31506375437949935,0.7378018887498449,0.326343983702635,0.0
0.25908054220465127,0.82620518970574,0.508570328766908,0.0
0.33378128751323954,0.7187176675646754,0.6834354726783567,0.0
0.48615723088705504,0.7562814088661025,0.4208801733778315,0.0
0.5181114421766563,0.6792695872034361,0.4262472871039571,0.0
0.41208423010287315,0.6787244654078161,0.5216624975404629,0.0
0.4730657118738084,0.798682257892388,0.5532006198821953,0.0
0.52589504998939,0.7349811796432935,0.3818125874579209,0.0
0.5518837639629691,0.6741144304088489,0.46385372333060243,0.0
0.3806876120795409,0.6760617851773612,0.6121857856230482,0.0
0.4016905167219126,0.67975590261584,0.30352160933109995,0.0
0.4743101874653006,0.7625100647897228,0.45817727774456213,0.0
0.2986269093825528,0.7840850795794929,0.5497948239750061,0.0
0.5131871182544547,0.7684442732536401,0.5983771263510269,0.0
0.2767340675667649,0.7250618414139621,0.5086961045259669,0.0
0.44348631310521053,0.718439123391278,0.31601575061824994,0.0
0.3098235659399428,0.8307081132863393,0.3902142064241882,0.0
0.4413145032047423,0.7247802706334525,0.36671303420222645,0.0
0.42126533539001904,0.737629389773063,0.3592715305779686,0.0
0.393286162377532,0.6052759543351113,0.46446948286370904,0.0
0.2957334077435404,0.6307593391733574,0.20305369975471654,0.0
0.33127832338956076,0.849195548251594,0.3298549819519852,0.0
0.4200385109205063,0.7398639111729509,0.3746986034689062,0.0
0.5040742038623369,0.8404317986182731,0.214177080129237,0.0
0.3656151726098395,0.6741277323053885,0.43303950488709214,0.0
0.5622044854245283,0.8024329156606157,0.37262843796774264,0.0
0.47747203394858473,0.6971631507165054,0.2697493104503247,0.0
0.45793088995983555,0.739343623919205,0.19367138668542141,0.0
0.3830821709124498,0.7264600637404501,0.548625252583502,0.0
0.42944713934686995,0.8203467864996974,0.5785160094468007,0.0
0.429314356217616,0.7641856214319188,0.34634309239844124,0.0
0.42487803116000367,0.5780652348868189,0.3950018682493753,0.0
0.3722020082577388,0.8528117317431735,0.25930151736405693,0.0
0.5493242641763787,0.6800763217090086,0.27178339094945825,0.0
0.45725875857036397,0.7424681504411987,0.19753238452788588,0.0
0.3424116453430231,0.7243667372866173,0.35237306260395246,0.0
0.24891905967612785,0.7928364592536513,0.3350455813406319,0.0
0.4265358661832538,0.7950793774641457,0.35644322788598226,0.0
0.4327800508814223,0.7231250852134258,0.5370321687856577,0.0
0.43689955368035305,0.6524217350076998,0.18095793499461577,0.0
0.40364169582145926,0.691152646099501,0.3151938908875514,0.0
0.4476321979640239,0.6595394894148356,0.289944738212051,0.0
0.3609840066873151,0.7031830600622214,0.25333106266594485,0.0
0.3817876254785448,0.6943635417891614,0.008150751926118582,0.0
0.47910157233733375,0.7054219565045002,0.3029775259004052,0.0
0.5286578302248692,0.8408373216863867,0.3167649937509977,0.0
0.4070229423147139,0.6467964736674441,0.2599132840299795,0.0
0.3566361825005245,0.7138808033538978,0.2919556651754338,0.0
0.39718067923979866,0.6633636960162039,0.2293940060135516,0.0
0.47122524397489607,0.6006611834895805,0.41645465525803776,0.0
0.3698255530413903,0.569811774730362,0.27365764054424013,0.0
0.31315214240568695,0.6950868963715054,0.4628082166273043,0.0
0.320034870849752,0.6301440498242741,0.2770869649799921,0.0
0.43369593498906533,0.6938809972459404,0.3609386542771553,0.0
0.45924008179554104,0.7231146895601537,0.2914736496356397,0.0
0.4894512729961716,0.6873611932429218,0.3313171901431098,0.0
0.35485726457507744,0.6426520671269539,0.35909236960487834,0.0
0.4350192375549256,0.6929839816136499,0.44887704912441634,0.0
0.5319632227214315,0.6201418094103043,0.3702719256988007,0.0
0.33135543456472943,0.7504636362716607,0.45474678621912745,0.0
0.4362195845992652,0.5744037507801953,0.2548045545521995,0.0
0.3494574373286357,0.6535672021354616,0.33157726200605214,0.0
0.24946542022351792,0.6609214053016393,0.5011142032224829,0.0
0.3877255020567773,0.6496568378484014,0.5609553850854363,0.0
0.45031575902097865,0.6752558590637547,0.34646810082071666,0.0
0.42346810436924626,0.8100600862878802,0.470384653655246,0.0
0.507119716001563,0.7417879284007893,0.45114952912739736,0.0
0.30807358003891594,0.7208504652776122,0.3292974944055842,0.0
0.4247367982083936,0.8736933930950654,0.19843517509093042,0.0
0.4482434348059819,0.7303846920993708,0.3711301442899317,0.0
0.4166229394352131,0.6765941613790444,0.19966050088698517,0.0
0.47467086558736343,0.7250996586110647,0.4415601402054108,0.0
0.4159471725422466,0.7762410532856788,0.3889044512974555,0.0
0.42366285807461473,0.7336431166163524,0.2916465625136373,0.0
0.3314436066004439,0.6837030364082903,0.3371151085532284,0.0
0.568981712241357,0.8008803437193042,0.6504544120508737,0.0
0.40470029999287144,0.6433895424877543,0.3888481741167412,0.0
0.49816672051532496,0.6972262193138944,0.5652555952058492,0.0
0.5832911001683831,0.6322333466116166,0.5843409858151275,0.0
0.3211296929578372,0.7814280001883895,0.4920321581390705,0.0
0.33408516104224006,0.6768534329130488,0.7049812095785923,0.0
0.46257040012251677,0.6725460370999468,0.4220147053778358,0.0
0.29203390307587745,0.6950871739256836,0.5034027411072229,0.0
0.38567253719870753,0.7437491868657553,0.5692855755817808,0.0
0.3211356953065739,0.7029506941242721,0.6194762861876935,0.0
0.29117124388151494,0.740088794021132,0.3437598132260708,0.0
0.5528213613396782,0.6621264369638608,0.4581500336143936,0.0
0.2775758787832283,0.6810346982068977,0.6012264519217271,0.0
0.3821224010231223,0.7636511426189021,0.583736946517208,0.0
0.3738702176583969,0.7412036669161373,0.5292090701535762,0.0
0.36224543799056175,0.7070458615372275,0.48235154935995883,0.0
0.33711993090969244,0.6511572129902804,0.607213443400699,0.0
0.46462989879588584,0.692132465825494,0.6221526132988359,0.0
0.43758190462652763,0.6684607790318714,0.5962836768422791,0.0
0.4025742773526354,0.5928113404977349,0.5973962910125082,0.0
0.3741968584994414,0.6733153741286807,0.6548919064296337,0.0
0.49841881323331316,0.6415279106454667,0.6906950757159931,0.0
0.39162827704475633,0.7373212390753013,0.7205027986183296,0.0
0.31155845503410173,0.766209491205329,0.6110881899552421,0.0
0.40885575928013557,0.7079854206721043,0.7367278001692004,0.0
0.31443630972934655,0.6923882086418163,0.6664984367765259,0.0
0.4522475747959067,0.6649678832751773,0.8971479567633674,0.0
0.5060312590399212,0.7068971339853662,0.7019648895660232,0.0
0.5014555769403405,0.7794420983226935,0.735848665102776,0.0
0.3582603166435151,0.7359564506194518,0.7419417723295852,0.0
0.49021375725715094,0.8021570047291707,0.5815729888495454,0.0
0.3937699952875731,0.7334567600913517,0.6207483793801823,0.0
0.4389253489214761,0.7173668228944443,0.5296141283700346,0.0
0.42748074002254455,0.5870442624307098,0.7744688217212946,0.0
0.6644474375675786,0.8534749750369666,0.6550601738321358,0.0
0.4856465211201624,0.8161903565950822,0.526408397515429,0.0
0.3562372155556495,0.7489642549904318,0.7398986623097904,0.0
0.3100241977307754,0.5750313682218674,0.7760127227892453,0.0
0.244520970848909,0.7227038247575629,0.7695288720808984,0.0
0.3693721291054009,0.7044382660712456,0.6531530270189524,0.0
0.3498255458407655,0.7442767943008288,0.7310722332113047,0.0
0.3273881214517297,0.7021098102718599,0.4811978744293692,0.0
0.5213086166250854,0.6245520720774737,0.6403116117418791,0.0
0.5072274107541987,0.686106523021991,0.629679346147065,0.0
0.4152750503446485,0.8355245624086246,0.7266402252701223,0.0
0.4337665848613589,0.7113344797630838,0.6176029418476416,0.0
0.4260609218489404,0.7130567951160194,0.6013677763458296,0.0
0.46117621962664884,0.6788247497579618,0.7990868644418484,0.0
0.3454397205991171,0.6664178129511827,0.5217975237648456,0.0
0.261508409732932,0.6382933701240542,0.4913455781658013,0.0
0.39697436317825024,0.6913982272088182,0.5859535337919729,0.0
0.446149589083726,0.6779668840974907,0.721847135412645,0.0
0.4234850194216866,0.7891966822389638,0.7488278832983088,0.0
0.42957591762847425,0.6965600895281872,0.6909993217285034,0.0
0.39585318352916876,0.7237256011844505,0.5908754333008355,0.0
0.29891659569350315,0.6139837337297773,0.5514768115348395,0.0
0.3385769987606493,0.7408168678538657,0.6766764556321436,0.0
0.4623980467377352,0.7586479187355025,0.5738188132734021,0.0
0.3414801410072641,0.7158602226049001,0.5467552400613909,0.0
0.3793746248309625,0.7025762632235097,0.633437111395427,0.0
0.37900807502950906,0.725157685154844,0.6441396620832255,0.0
0.3573907839636614,0.7793030748829696,0.5310116314400011,0.0
0.505551287436797,0.7378544855649337,0.6283765423889962,0.0
0.4938870120837005,0.6236215044842995,0.5516165390575148,0.0
0.5100123006009599,0.7317860581624537,0.5518243892444546,0.0
0.36285414847229647,0.6654126604659879,0.7154460063141728,0.0
0.5407024684587499,0.7576937814110773,0.7266432175188646,0.0
0.4000047424736713,0.6220108911285173,0.5650908097518146,0.0
0.5156850449425118,0.6415705909918529,0.5810064567599683,0.0
0.30033686382460123,0.743480954505504,0.545158017284234,0.0
0.3768440502470498,0.6596396896568195,0.5806428300671047,0.0
0.38325136941770677,0.6632923026991794,0.6132997956934557,0.0
0.42419097862713023,0.7667670928946677,0.44232513609981383,0.0
0.32521053448231474,0.6183845043480859,0.5074101878692565,0.0
0.48900126629357166,0.721580283323264,0.428077272626167,0.0
0.4381360007121389,0.7165321737747158,0.35720297981547855,0.0
0.4088737788681027,0.7381774545710313,0.3219695560535585,0.0
0.4254439015903162,0.7569767193109728,0.6108680965872968,0.0
0.3500047594638453,0.5915198717726016,0.5022770624574131,0.0
0.5254763622019546,0.7486329461378671,0.5845164204437266,0.0
0.37051050025913757,0.6971963823867827,0.6669069525826341,0.0
0.5441823032567882,0.6856783107304765,0.6325432109095088,0.0
0.46187233609317196,0.6607937918431427,0.35847328080758223,0.0
0.4957577430876775,0.6543035136843902,0.35009840395416086,0.0
0.4080051736978256,0.7378991776532698,0.5949594571364498,0.0
0.5644402651835411,0.7174540846721175,0.42377501123575895,0.0
0.3949872383747066,0.6838167832753318,0.5544481414645959,0.0
0.32165047026939064,0.7143352631846622,0.5255707790093542,0.0
0.48700031739312477,0.7496507992586886,0.46442626129796527,0.0
0.5159603920564927,0.624033356151221,0.4234737291147533,0.0
0.4473322494980899,0.7768133305390472,0.35895524271273305,0.0
0.3840223403980424,0.7578084239210443,0.47241566167982846,0.0
0.3946005358500416,0.6262581558268128,0.47018210354728723,0.0
0.5917277386704365,0.737230432501271,0.36058784112944536,0.0
0.4095644634709129,0.688629884678695,0.5303360489378359,0.0
0.35946946088731774,0.8154264411093469,0.3873737826935279,0.0
0.36934187940441926,0.7237869376646714,0.4135539486558252,0.0
0.5792220088368512,0.7794386676553527,0.34272341792690686,0.0
0.44580492910428415,0.7072018619648638,0.41800984439782857,0.0
0.4584992791444741,0.7888383419635083,0.43925327005437026,0.0
0.5280050282169961,0.7994368738092972,0.6665767083557297,0.0
0.438430561052022,0.5760740778086607,0.4066859505424421,0.0
0.5728756635859963,0.6545231017988851,0.18245273110779503,0.0
0.260960978302629,0.7460659672704386,0.14486273027888913,0.0
0.2527750544115043,0.6817821317278014,0.5157088504849746,0.0
0.35092051160280524,0.6981277906636549,0.3285966064475569,0.0
0.3106513309375339,0.7355540364308398,0.05635575608283466,0.0
0.3809380926038764,0.7379996095642742,0.32905800451079914,0.0
0.3412005499346388,0.7119208005728443,0.31888818505665656,0.0
0.38153329683904164,0.7417700798295573,0.2750256619561907,0.0
0.5945949270464435,0.6135790417869645,0.12460442358350327,0.0
0.3667085550964717,0.6799057483354427,0.23167305892785772,0.0
0.5488830489677072,0.7471277075170871,0.39601104792966685,0.0
0.32890770107577044,0.5286552804308744,0.22885061463269374,0.0
0.4623557212598697,0.6857092042228725,0.30755866836916385,0.0
0.43838071059214273,0.7439526967688368,0.1395069421852981,0.0
0.4965947896763734,0.6730939826621978,0.3711656821384038,0.0
0.41365257656104865,0.7215984230003194,0.22728991256020625,0.0
0.4588217299985843,0.7096905404162083,0.19912608895545972,0.0
0.538975675097411,0.7249181458708716,0.3972943398335295,0.0
0.48299201915389683,0.7137560702929915,0.20600454795762202,0.0
0.34366426692477514,0.6590271835069125,0.32002845165558264,0.0
0.32786140279382964,0.7602391462709726,0.35829624875639254,0.0
0.29999321628406594,0.688305725255114,0.25650124954022924,0.0
0.39395066710755466,0.5765525883552993,0.2622609270962294,0.0
0.47469288198192466,0.654108019523337,0.47765616407822586,0.0
0.5288933998242099,0.6825408617473137,0.3957471839753248,0.0
0.5151644428820376,0.6727582821268313,0.19992665422318798,0.0
0.4149215483294287,0.7092935084174525,0.4332638881454487,0.0
0.47163927181114057,0.6606063146122265,0.296571761176532,0.0
0.3049822510842451,0.6482697774307739,0.46190220848442615,0.0
0.4199888338138212,0.7095874075107735,0.29737066867946643,0.0
0.40897179377646686,0.7089105255280909,0.4413979336573187,0.0
0.5497031347597515,0.6031723154153974,0.48975913235439206,0.0
0.40558410017397745,0.5815993897290234,0.28131544750534293,0.0
0.37738829237012217,0.6857613420526671,0.44715019635181086,0.0
0.4506141322720891,0.6282688366692663,0.26329562594424727,0.0
0.3671839172189403,0.7933724951234377,0.3270649150164336,0.0
0.5116292128183944,0.7703135453163193,0.3402897788766115,0.0
0.4215263641182229,0.7142774516939271,0.4405014035914958,0.0
0.4765109038418523,0.7913015839362564,0.420573910767983,0.0
0.3054871339927946,0.5351561917902561,0.42128052246452136,0.0
0.38581738600682064,0.7076118122511806,0.3764025766218137,0.0
0.4338888694607182,0.6481846028957899,0.48145957343743345,0.0
0.4691229346937846,0.6643553576284319,0.3174602609917609,0.0
0.4290262914834948,0.7207896221220099,0.3917880960538663,0.0
0.3933780893129289,0.7396291080286289,0.3889150634605299,0.0
0.506910120472475,0.6492816063644646,0.26437234956055056,0.0
0.38926608390010103,0.6340252208148047,0.40111482579497143,0.0
0.42725691507457475,0.7104188643611742,0.5999934412363829,0.0
0.4512678907715736,0.6604471982440518,0.3737816898477516,0.0
0.39069931427826493,0.7125685478528275,0.6933252405065247,0.0
0.395669975550763,0.6872126192133251,0.49799754670742363,0.0
0.5317276635158494,0.5454164757678874,0.21972467481688165,0.0
0.5167840150034967,0.5970611181036641,0.15765442786707318,0.0
0.44949257789621716,0.6245874955920342,0.4014460399279067,0.0
0.4388428253979152,0.6524210834290195,0.5494063918975516,0.0
0.36145185078977604,0.622436762345337,0.47436593216275047,0.0
0.4938275023916613,0.5784397937003964,0.5045491476330749,0.0
0.5785317949249564,0.6610940417343915,0.5324458604352513,0.0
0.2396435036549581,0.739686462546902,0.5410263087987447,0.0
0.32112776888242006,0.7201941283717251,0.7284641222179371,0.0
0.4531265204472839,0.6895133648494609,0.3844941924509605,0.0
0.3821313888155947,0.719268995382981,0.38527890750642635,0.0
0.5458069919377788,0.6681618626625294,0.6869098857678062,0.0
0.2846481781633714,0.7415240559839031,0.5223580968395993,0.0
0.43401686940320655,0.5954129063234277,0.5977768051522171,0.0
0.47143891668115673,0.6845489348196722,0.6888816688108499,0.0
0.44876273842102354,0.6225024896704539,0.60473213119412,0.0
0.365115027831998,0.7734697492748168,0.5721767262006475,0.0
0.5128105661536195,0.6697923458557038,0.6935085392071058,0.0
0.4282139085176077,0.7166136122600575,0.6466467562174956,0.0
0.34330050079244867,0.7427645990874489,0.6043433915683403,0.0
0.32431407877940205,0.622215820723449,0.4153771864623002,0.0
0.38512499355351626,0.629004726540881,0.6107447079416997,0.0
0.6014558345767955,0.5952869948262072,0.7645670694255305,0.17067711043237344
0.37167258084986393,0.6981941572751618,0.6028656401617167,0.0
0.554730481072364,0.7223363739578788,0.6994898024188225,0.0
0.3152754668060532,0.6734919073675755,0.7692897805818698,0.0
0.3495928505458644,0.693576064174044,0.5501634866107521,0.0
0.4011121134617458,0.6030629557485909,0.5757928961352506,0.0
0.3304104174215229,0.5891276719303097,0.610202582803498,0.0
0.41924625536024884,0.6571251353130628,0.6776409605084481,0.0
0.47457645230200257,0.7080061018842186,0.6322742333473154,0.0
0.3448003120837569,0.7526745395952141,0.6886544473164126,0.0
0.4344101091705351,0.6775641140513434,0.8122395929008023,0.0
0.37499846086827215,0.7461781735243487,0.6306578097406447,0.0
0.5719548786406967,0.6598922983835019,0.7583475359165611,0.0
0.49637866384542473,0.695965439159206,0.7375151314750521,0.0
0.3031133267546262,0.7141951238849702,0.4838709880110851,0.0
0.5122945493135975,0.6945138641523821,0.8937386435526359,0.0
0.3846881289339539,0.6846388027910862,0.694167308819211,0.0
0.3617680866812517,0.6493543455812083,0.4952823287880609,0.0
0.41707425242775675,0.5826263659213055,0.7393256656013878,0.0
0.4551627583091911,0.6635559094874617,0.7580485942488401,0.0
0.4625922855775751,0.6325232649739143,0.7265644556247729,0.0
0.3902696753110616,0.8078763603479457,0.6463412856751164,0.0
0.3842011523194931,0.6953962501552156,0.5246822098101274,0.0
0.35063030397211464,0.6901203008735374,0.7983491166245457,0.0
0.2482672511312886,0.8045241791756728,0.7284323731357417,0.0
0.4515702335192753,0.6915713893501615,0.6235264315638742,0.0
0.3904022169903754,0.6567382804385986,0.6215833896835221,0.0
0.4506669176172307,0.7161179661909802,0.7416996628666678,0.0
0.46494721680118944,0.6490364701069857,0.7741776897021495,0.0
0.3669462893990016,0.6231479957146052,0.7982169091729616,0.0
0.4789844189635996,0.7443157919127078,0.5852768025156887,0.0
0.42998604572934684,0.7308129262330948,0.6616826575016677,0.0
0.48327268148487923,0.7325701500314739,0.6063705612722072,0.0
0.35532474930866775,0.5301163389504235,0.6932510438982603,0.0
0.46096534472693806,0.5630262969347379,0.63812013774924,0.0
0.5505760886123348,0.6138367250729149,0.7741693260414689,0.0
0.36895277179711505,0.6110329029239353,0.6836659867341132,0.0
0.4491987713726566,0.6500303445515849,0.47051312364891595,0.0
0.45913473987956777,0.6453065352201626,0.5933199834040661,0.0
0.5348753821305956,0.6626473167182915,0.6145690944044931,0.0
0.333445154424034,0.6913891832848618,0.6727456476407103,0.0
0.2870597837998028,0.6323186838114635,0.5297307251761483,0.0
0.4804595663814387,0.7678026244467588,0.5680605024216876,0.0
0.5339737615102997,0.6957946163118183,0.7443222015772923,0.0
0.3494306705029383,0.5980122987133315,0.462405825552602,0.0
0.5380877458469606,0.7879617284831829,0.6656578618474842,0.0
0.39659869338770526,0.6076150509953686,0.6663552618569155,0.0
0.4515955499472714,0.7002422888379795,0.6136658768609807,0.0
0.5465988467853564,0.7096532211404208,0.665927615871453,0.0
0.40610642143723047,0.7223938804947885,0.441897821729234,0.0
0.3484381648187172,0.693148197207684,0.4570669423209358,0.0
0.4412859819257673,0.5803146425102,0.5836523012653996,0.0
0.5144917376650695,0.6760795413240643,0.5811244367023556,0.0
0.39685342148581104,0.6484816818339348,0.6272525861878073,0.0
0.37958625986056993,0.7406108886794608,0.3246145963909815,0.0
0.368297723505058,0.5938494786335567,0.3416411610212431,0.0
0.4278745841817711,0.6977643238563066,0.5690472686121524,0.0
0.4976210540920299,0.6708280628254639,0.3813006611694266,0.0
0.39787102937750984,0.6188642220742545,0.4822082124195613,0.0
0.4116055694408454,0.695643235293808,0.5348341739246139,0.0
0.4069835701641004,0.7384599802862145,0.508057673609843,0.0
0.5404102538993222,0.7426575841135963,0.31963080679086875,0.0
0.44175145586424713,0.640941091787705,0.4752191958897018,0.0
0.48606652728033695,0.6212915719194764,0.532663553195711,0.0
0.4633346495171429,0.6557989959513719,0.4365310366628864,0.0
0.36378450241472815,0.789711704456616,0.2365440644553909,0.0
0.4766169511953393,0.7080588499861187,0.40860509932767003,0.0
0.4798440068262093,0.6591358313525393,0.5579707971783311,0.0
0.5168259480804508,0.615030596597775,0.4107138289442702,0.0
0.3665518899448428,0.6946098510367461,0.36488809560685886,0.0
0.3623846749684535,0.7751424367705092,0.29280968368229954,0.0
0.5113487448310454,0.6377615741879932,0.4676898138848008,0.0
0.5641694159346049,0.6728489558979455,0.3228018087446177,0.0
0.5127135415514176,0.6369326824889736,0.30750718059922794,0.0
0.35384303097840253,0.7812326344765088,0.32580349042003337,0.0
0.4657576066918218,0.6119279569710819,0.3507755639832492,0.0
0.4339390931930955,0.7425867767510617,0.4535225741827085,0.0
0.41222745821816026,0.6062094531331108,0.29001227436824273,0.0
0.49266293708258846,0.5407057157143732,0.35055971474334713,0.0
0.42679645949475586,0.7484764303409528,0.39354904232960924,0.0
0.43272315837198144,0.7262486495504155,0.49030155869586417,0.0
0.36262867252570136,0.6547794353474571,0.2922784486981326,0.0
0.5049082844011626,0.6196664395584558,0.333578770634806,0.0
0.5653556004641512,0.6392575455593983,0.3323813132275619,0.0
0.5416822060010732,0.4997496135161572,0.3251338850105213,0.11804479204706006
0.4147090889926654,0.772573592738138,0.22105575085539209,0.0
0.4795002230964867,0.744691155152131,0.24306978826321868,0.0
0.5386855925981919,0.6945192784998067,0.15529496207329332,0.0
0.4819106123078449,0.7192658532927954,0.2418656314216737,0.0
0.49285785485896266,0.5957807586033614,0.10805481692872806,0.0
0.5171184688158194,0.6757170470242979,0.2785299828551201,0.0
0.5029859746418458,0.7649780025633149,0.16182207370964558,0.0
0.3226629300041589,0.6542370600886719,0.2762340355496775,0.0
0.45564511049135187,0.7054044282967948,0.37143963424023463,0.0
0.42677626757711007,0.6115386379600172,0.3257039824579861,0.0
0.5715568614749229,0.6500069176632861,0.2445379841389462,0.0
0.5104733938777313,0.657535181006111,0.236928938913307,0.0
0.38450641274706,0.6691339644419797,0.36632623608736825,0.0
0.491420840112474,0.6036935394711731,0.3833738990097455,0.0
0.5084215225479088,0.7333499839776828,0.3872392734896257,0.0
0.4354959245656241,0.6314148254199095,0.45689216582267955,0.0
0.3710347141144003,0.7059221361019699,0.2301750164223196,0.0
0.33851165902641883,0.637025409632369,0.30151719435131985,0.0
0.5301044995439587,0.6976138754199477,0.29070147478565117,0.0
0.4948125975132147,0.7423542097757142,0.32242011668928916,0.0
0.3755707199131564,0.5782876841352665,0.39342188644746456,0.0
0.501189082008533,0.6572804332188766,0.4674883938322873,0.0
0.5314215389765764,0.6626754263006275,0.2659598427751785,0.0
0.48777088949471953,0.6864183655560157,0.33492276144873206,0.0
0.6460697594296351,0.7360553987117704,0.3990776087416634,0.0
0.5365725760477336,0.6950796865834872,0.35399151018192476,0.0
0.449526612986985,0.4737744558473167,0.37243111883428537,0.0
0.5834135998626307,0.6651606442487052,0.23247469295102502,0.0
0.3723103131949997,0.692404444942748,0.38046577133846976,0.0
0.3927294566644348,0.6660404857736888,0.21486885536185768,0.0
0.49850969443520976,0.6927483012616543,0.38260485267719857,0.0
0.5853471286646877,0.6458943445774792,0.3963074679125129,0.0
0.38753912307213345,0.6688687975855985,0.4928363042116952,0.0
0.4381266776550301,0.6385868853297375,0.3289672824570722,0.0
0.3372193883857084,0.7398563746000036,0.31590071972855843,0.0
0.35640011220848994,0.7021304078327731,0.48584713216628894,0.0
0.37844571825601664,0.6769728913758847,0.3003470529114003,0.0
0.5403530480764261,0.7098021156242446,0.4201709656388825,0.0
0.5096470169739356,0.6631628742618816,0.18662111156179684,0.0
0.4560613732904246,0.7341470748789843,0.3091256195005587,0.0
